dataset,overall_pearson,overall_spearman,rmse,mae,auroc,mode
SKEMPI2,0.6529690433912267,0.6270313661152764,1.9021422673575576,1.4046680280720545,0.7813308223477714,all
SKEMPI2,0.6529690433912267,0.6270313661152764,1.9021422673575576,1.4046680280720545,0.7813308223477714,multiple
