dataset,overall_pearson,overall_spearman,rmse,mae,auroc,mode
SKEMPI2,0.6533988205288216,0.6272723023459114,1.9012111698443515,1.4135380728688307,0.7782234777150032,all
SKEMPI2,0.6533988205288216,0.6272723023459114,1.9012111698443515,1.4135380728688307,0.7782234777150032,multiple
