dataset,overall_pearson,overall_spearman,rmse,mae,auroc,mode
SKEMPI2,0.6881281303712582,0.5412963303265448,1.4996095182973304,1.0838759807783576,0.737347308825586,all
SKEMPI2,0.6817877521144167,0.4913497918069374,1.272344901299445,0.9283240814633746,0.7166211524643211,single
SKEMPI2,0.6793726994195294,0.6129282715966048,1.9799490078930468,1.493190350741079,0.7929071218065775,multiple
