dataset,overall_pearson,overall_spearman,rmse,mae,auroc,mode
SKEMPI2,0.6550851025743001,0.6317387765767897,1.8975475538103772,1.3985346893834438,0.7803013182674199,all
SKEMPI2,0.6550851025743001,0.6317387765767897,1.8975475538103772,1.3985346893834438,0.7803013182674199,multiple
