dataset,overall_pearson,overall_spearman,rmse,mae,auroc,mode
SKEMPI2,0.6848397583629535,0.5409864994657341,1.506025746634315,1.0896508898892514,0.7371571832969237,all
SKEMPI2,0.682487004219718,0.49847460467630794,1.2712103710566423,0.926891434152288,0.7190758066842527,single
SKEMPI2,0.6706037665108024,0.5987332837968086,2.0015952157502634,1.5193706176974995,0.78722088629337,multiple
